scope	path	leonos_lines	ntclks_lines	other_leon_lines	relief_lines	path_old_name	binary_or_unreadable
main	.github/ISSUE_TEMPLATE/Bug-Report.yml	0	2	1	0	0	0
main	.github/workflows/build-installer.yml	17	2	0	0	0	0
main	.github/workflows/build-pages.yml	6	2	0	0	0	0
main	.github/workflows/code-count.yml	1	0	0	0	0	0
main	.github/workflows/sourcehut-sync.yml	3	0	0	0	0	0
main	.gitignore	1	0	0	0	0	0
main	.gitmodules	1	3	1	0	0	0
main	.vscode/c_cpp_properties.json	10	4	0	0	0	0
main	.vscode/launch.json	12	0	0	0	0	0
main	.vscode/settings.json	3	0	0	0	0	0
main	.vscode/tasks.json	57	0	0	0	0	0
main	AGENT.md	14	10	1	0	0	0
main	BY_AUTHOR.md	3	0	1	0	0	0
main	Kconfig	4	0	0	0	0	0
main	Kconfig.components	4	0	382	0	0	0
main	LICENSE	0	0	1	0	0	0
main	Makefile	67	3	0	0	0	0
main	NOTICE	10	0	0	0	0	0
main	README.md	10	3	0	0	0	0
main	boot/grub/grub.cfg	7	0	0	0	0	0
main	boot/grub/installer.cfg	15	0	0	0	0	0
main	boot/grub/installer_embedded.cfg	1	0	0	0	0	0
main	boot/grub/live.cfg	8	0	0	0	0	0
main	boot/grub/theme/theme.txt	35	0	0	0	0	0
main	configs/apk-ownership.json	20	0	1	0	0	0
main	configs/build-version	1	1	0	0	0	0
main	configs/components.toml	2	0	3	0	0	0
main	configs/default.conf	1	0	315	0	0	0
main	configs/dependencies.lock.json	1	0	0	0	0	0
main	configs/header-export.list	17	0	0	0	0	0
main	configs/locale/zh_CN.po	1	0	0	0	0	0
main	configs/nls/po/leonos.pot	35	0	0	0	1	0
main	configs/nls/po/zh_CN.po	71	0	0	0	0	0
main	configs/profiles/default.conf	1	0	235	0	0	0
main	configs/toolchains/llvm-x86_64.mk	1	0	0	0	0	0
main	docs/ABI.md	98	7	3	0	0	0
main	docs/ABI_MIGRATION.md	12	1	0	0	0	0
main	docs/ABI_PRIVATE_INVENTORY.md	644	151	0	0	0	0
main	docs/ADVANCED_INSTALL.md	19	0	0	0	0	0
main	docs/ADVANCED_INSTALL.txt	10	0	0	0	0	0
main	docs/API_INSTALLER_AUTH_2026-09-13.md	3	0	0	0	0	0
main	docs/APK_PREPARATION.md	26	8	0	0	0	0
main	docs/APP_REGISTRY.md	7	0	0	0	0	0
main	docs/BOOT_AND_INTEGRITY.md	8	1	0	0	0	0
main	docs/BROWSER.md	10	0	0	0	0	0
main	docs/BUILDSYSTEM.md	9	1	0	0	0	0
main	docs/BUILD_AND_INSTALLER.md	35	0	0	0	0	0
main	docs/CODE_COUNT.md	1	0	0	0	0	0
main	docs/DESKTOP_PERFORMANCE.md	4	0	0	0	0	0
main	docs/DRIVERS.md	5	4	0	0	0	0
main	docs/EEVDF_SCHEDULER.md	5	0	0	0	0	0
main	docs/FILESYSTEM.md	11	0	1	0	0	0
main	docs/INSTALLER_ACCOUNTS.md	3	0	0	0	0	0
main	docs/KERNEL_DEBUG.md	7	0	1	0	0	0
main	docs/KERNEL_USERSPACE_BOUNDARIES.md	24	14	1	0	0	0
main	docs/KEYBOARD_CAPSLOCK.md	4	0	0	0	0	0
main	docs/LINUX_ABI_AUDIT_2026-09-07.md	72	53	0	0	0	0
main	docs/LINUX_ABI_PROGRESS_2026-09-08.md	32	6	0	0	0	0
main	docs/LINUX_ABI_SYSCALLS_2026-09-07.csv	17	247	0	0	0	0
main	docs/LINUX_ABI_TIMER_2026-09-09.md	1	0	0	0	0	0
main	docs/LOCALE_DATA.md	3	0	0	0	0	0
main	docs/MUSL_MIGRATION_2026-09-08.md	9	0	0	0	0	0
main	docs/NETWORK_STATUS_2026-09-13.md	13	1	0	0	0	0
main	docs/OPENRC_MIGRATION_STATUS.md	2	0	0	0	0	0
main	docs/POSIX_PERMISSIONS_2026-09-08.md	0	0	1	0	0	0
main	docs/POWER_SHUTDOWN_FIX_VERIFICATION.md	2	0	0	0	0	0
main	docs/README.md	2	0	1	0	0	0
main	docs/ROOTFS_LAYOUT_AND_MIGRATION.md	17	1	0	0	0	0
main	docs/RPR.md	39	0	0	0	0	0
main	docs/SOURCEHUT_SYNC.md	4	0	0	0	0	0
main	docs/SUDOERS_PAM_STATUS.md	58	3	0	0	0	0
main	docs/SUDOERS_PAM_UPSTREAM.md	9	0	0	0	0	0
main	docs/SUDO_AND_ELEVATION.md	5	0	0	0	0	0
main	docs/SVGA3D.md	7	4	0	0	0	0
main	docs/SYSCALLS.md	85	2	1	0	0	0
main	docs/THIRD_PARTY.md	43	0	2	0	0	0
main	docs/TTY_VT.md	7	0	0	0	0	0
main	docs/TTY_VT_HANDOFF.md	2	0	0	0	0	0
main	docs/UPSTREAM_TOOLS.md	8	0	0	0	0	0
main	docs/VMWARE_SMP_FIX_VERIFICATION.md	4	0	0	0	0	0
main	docs/build/full-migration-2026-09-19.md	12	0	0	0	0	0
main	docs/build/legacy-removal.md	2	0	0	0	0	0
main	docs/build/migration-inventory.md	14	1	0	0	0	0
main	docs/build/research/buildpy-targets.md	59	4	0	0	0	0
main	docs/build/research/python-ninja-audit.md	14	0	0	0	0	0
main	docs/build/research/tools-scripts.md	45	0	0	0	0	0
main	docs/build/retired-build-files.txt	1	0	0	0	0	0
main	docs/build/review-package-2026-09-19.md	8	0	0	0	0	0
main	docs/build/rule-parity-audit-2026-09-19.md	3	0	0	0	0	0
main	docs/build/sdk-final-validation.md	1	0	0	0	0	0
main	docs/build/sdk-migration-report.md	9	0	0	0	0	0
main	docs/build/takeover-2026-09-19.md	4	0	0	0	0	0
main	docs/build/verification.md	25	8	0	0	0	0
main	docs/history/AUTHD_BROKER_RETIRED.md	8	3	0	0	0	0
main	docs/security/2026-07-07.md	11	11	0	0	0	0
main	docs/security/2026-08-04.md	12	16	0	0	0	0
main	docs/security/2026-08-30.md	29	6	0	0	0	0
main	docs/superpowers/ntclks-separation/00-baseline-and-evidence.md	6	12	5	0	1	0
main	docs/superpowers/ntclks-separation/01-header-classification.md	38	25	0	0	1	0
main	docs/superpowers/ntclks-separation/02-migration-manifest.md	19	17	2	0	1	0
main	docs/superpowers/ntclks-separation/03-permission-matrix.md	10	1	3	0	1	0
main	docs/superpowers/ntclks-separation/04-reproducibility-two-path.md	6	3	2	0	1	0
main	docs/superpowers/ntclks-separation/05-phase2-standalone-checkout.md	1	3	3	0	1	0
main	docs/superpowers/ntclks-separation/06-handover-2026-09-25.md	15	38	1	0	1	0
main	docs/superpowers/ntclks-separation/07-phase4-runtime-policy.md	5	7	1	0	1	0
main	docs/superpowers/ntclks-separation/08-continuation-prompt.md	0	0	0	0	1	0
main	docs/superpowers/ntclks-separation/09-m1-authority-design-review.md	11	4	2	0	1	0
main	docs/superpowers/ntclks-separation/10-ntclks-layout-moves.md	1	44	0	0	1	0
main	docs/superpowers/ntclks-separation/README.md	0	4	1	0	1	0
main	docs/superpowers/plans/2026-09-24-ntclks-separation-agent-prompt.md	5	12	0	0	1	0
main	docs/superpowers/plans/2026-09-27-ext4-driver.md	0	64	0	0	0	0
main	docs/superpowers/specs/2026-09-24-ntclks-separation-design.md	13	14	0	0	1	0
main	docs/superpowers/specs/2026-09-27-ext4-driver-design.md	1	3	0	0	0	0
main	docs/unix-ipc-protocol.md	42	1	0	0	0	0
main	include/generated/autoconf-installer.h	3	0	0	0	0	0
main	include/generated/autoconf.h	3	0	0	0	0	0
main	include/leonos/admin.h	3	0	0	0	1	0
main	include/leonos/api.h	22	0	0	0	1	0
main	include/leonos/audio.h	8	0	0	0	1	0
main	include/leonos/auth.h	15	0	0	0	1	0
main	include/leonos/device.h	6	0	0	0	1	0
main	include/leonos/devmgr_service.h	34	0	0	0	1	0
main	include/leonos/driver.h	9	1	0	0	1	0
main	include/leonos/fb.h	11	0	0	0	1	0
main	include/leonos/fs.h	11	0	0	0	1	0
main	include/leonos/gpu.h	10	0	0	0	1	0
main	include/leonos/gpu_sdk.h	29	0	0	0	1	0
main	include/leonos/http.h	28	0	0	0	1	0
main	include/leonos/ini.h	14	0	0	0	1	0
main	include/leonos/inputm.h	22	0	0	0	1	0
main	include/leonos/kernel_debug.h	10	0	0	0	1	0
main	include/leonos/lat15_vga16.psf	0	0	0	0	1	1
main	include/leonos/lat15_vga16_psf.inc	2	0	0	0	1	0
main	include/leonos/launch_result.h	7	0	0	0	1	0
main	include/leonos/layout.h	99	0	0	0	1	0
main	include/leonos/license.h	22	0	0	0	1	0
main	include/leonos/net.h	23	0	0	0	1	0
main	include/leonos/net_service.h	59	0	0	0	1	0
main	include/leonos/openrc.h	6	0	0	0	1	0
main	include/leonos/png.h	8	0	0	0	1	0
main	include/leonos/psf_font.h	18	0	0	0	1	0
main	include/leonos/pty.h	5	0	0	0	1	0
main	include/leonos/signal.h	5	0	0	0	1	0
main	include/leonos/startup.h	13	0	0	0	1	0
main	include/leonos/system.h	15	0	0	0	1	0
main	include/leonos/tar.h	19	0	0	0	1	0
main	include/leonos/text.h	20	0	0	0	1	0
main	include/leonos/text_input.h	31	0	0	0	1	0
main	kernel/ntclks	0	0	0	0	1	1
main	mk/apk.mk	21	0	0	0	0	0
main	mk/boot.mk	0	1	0	0	0	0
main	mk/components/INTEGRATION.md	14	0	0	0	0	0
main	mk/components/graphics.mk	21	0	0	0	0	0
main	mk/config.mk	30	0	0	0	0	0
main	mk/headers.mk	5	12	0	0	0	0
main	mk/host.mk	64	0	0	0	0	0
main	mk/images.mk	47	0	0	0	0	0
main	mk/kernel.mk	17	57	0	0	0	0
main	mk/logging.mk	11	0	0	0	0	0
main	mk/nls.mk	26	0	0	0	0	0
main	mk/pam.mk	10	0	0	0	0	0
main	mk/resources.mk	15	0	0	0	0	0
main	mk/rootfs.mk	19	0	0	0	0	0
main	mk/rpr.mk	14	9	0	0	0	0
main	mk/run.mk	4	0	0	0	0	0
main	mk/runtime.mk	34	0	0	0	0	0
main	mk/sdk.mk	19	1	0	0	0	0
main	mk/site.mk	10	0	0	0	0	0
main	mk/tests.mk	60	0	0	0	0	0
main	mk/third-party.mk	47	1	0	0	0	0
main	mk/toolchain.mk	16	1	0	0	0	0
main	mk/upstream.mk	50	0	0	0	0	0
main	mk/userland.mk	37	0	0	0	0	0
main	patches/linux-pam/0003-limits-handle-unimplemented-resources.patch	2	0	0	0	0	0
main	resources/build-art/README.md	2	0	0	0	0	0
main	resources/build-art/app-icons/leonmmcoset.bmp	0	0	0	0	1	1
main	resources/pages/css/leonos.css	1	0	0	0	1	0
main	scripts/build-lock.sh	1	0	0	0	0	0
main	scripts/clean.sh	8	2	0	0	0	0
main	scripts/doctor.sh	21	0	0	0	0	0
main	scripts/help.sh	3	0	0	0	0	0
main	scripts/logging.sh	2	0	0	0	0	0
main	scripts/test-legacy.sh	1	0	0	0	0	0
main	scripts/test-smoke.sh	2	2	0	0	0	0
main	system/config/environment.conf	1	0	0	0	0	0
main	system/config/taskbar.cfg	1	0	0	0	0	0
main	system/docs/leonos.hlp	14	0	0	0	1	0
main	system/docs/zh_CN/leonos.hlp	14	0	0	0	1	0
main	system/resources/wallpaper-metro.source.txt	1	0	0	0	0	0
main	system/rootfs/etc/apk/protected_paths.d/leonos.list	1	0	0	0	1	0
main	system/rootfs/etc/apk/repositories	1	0	0	0	0	0
main	system/rootfs/etc/group	2	0	0	0	0	0
main	system/rootfs/etc/hostname	1	0	0	0	0	0
main	system/rootfs/etc/init.d/dev	0	1	0	0	0	0
main	system/rootfs/etc/init.d/leonos-device	3	0	0	0	1	0
main	system/rootfs/etc/init.d/leonos-dhcp	2	0	0	0	1	0
main	system/rootfs/etc/init.d/leonos-imd	3	0	0	0	1	0
main	system/rootfs/etc/init.d/leonos-ntp	4	1	0	0	1	0
main	system/rootfs/etc/init.d/leonos-runtime	3	0	0	0	1	0
main	system/rootfs/etc/init.d/leonos-session	3	0	0	0	1	0
main	system/rootfs/etc/init.d/leonos-windowd	3	0	0	0	1	0
main	system/rootfs/etc/inittab	7	0	0	0	0	0
main	system/rootfs/etc/issue	1	0	0	0	0	0
main	system/rootfs/etc/leonos/desktop-session	0	0	0	0	1	0
main	system/rootfs/etc/motd	5	0	0	0	0	0
main	system/rootfs/etc/motd.zh_CN	5	0	0	0	0	0
main	system/rootfs/etc/network/interfaces	1	0	0	0	0	0
main	system/rootfs/etc/os-release	3	0	0	0	0	0
main	system/rootfs/etc/pam.d/common-password	1	0	0	0	0	0
main	system/rootfs/etc/pam.d/common-session	1	0	0	0	0	0
main	system/rootfs/etc/pam.d/leonos-gui	0	0	0	0	1	0
main	system/rootfs/etc/pam.d/login	1	0	0	0	0	0
main	system/rootfs/etc/runlevels/default/leonos-device	3	0	0	0	1	0
main	system/rootfs/etc/runlevels/default/leonos-dhcp	2	0	0	0	1	0
main	system/rootfs/etc/runlevels/default/leonos-imd	3	0	0	0	1	0
main	system/rootfs/etc/runlevels/default/leonos-ntp	4	1	0	0	1	0
main	system/rootfs/etc/runlevels/default/leonos-session	3	0	0	0	1	0
main	system/rootfs/etc/runlevels/default/leonos-windowd	3	0	0	0	1	0
main	system/rootfs/etc/runlevels/installer/leonos-device	3	0	0	0	1	0
main	system/rootfs/etc/runlevels/installer/leonos-dhcp	2	0	0	0	1	0
main	system/rootfs/etc/runlevels/installer/leonos-imd	3	0	0	0	1	0
main	system/rootfs/etc/runlevels/installer/leonos-ntp	4	1	0	0	1	0
main	system/rootfs/etc/runlevels/installer/leonos-session	3	0	0	0	1	0
main	system/rootfs/etc/runlevels/installer/leonos-windowd	3	0	0	0	1	0
main	system/rootfs/etc/runlevels/sysinit/leonos-runtime	3	0	0	0	1	0
main	system/rootfs/etc/skel/desktop/File Manager.lnk	2	0	0	0	0	0
main	system/rootfs/etc/skel/desktop/Settings.lnk	2	0	0	0	0	0
main	system/rootfs/etc/skel/desktop/Terminal.lnk	2	0	0	0	0	0
main	system/rootfs/etc/sudo.conf	1	0	0	0	0	0
main	system/rootfs/etc/sudoers	2	0	0	0	0	0
main	system/rootfs/usr/lib/leonos/console-session	9	0	0	0	1	0
main	system/rootfs/usr/lib/leonos/motd	1	0	0	0	1	0
main	system/rootfs/usr/lib/leonos/ntp-status	4	0	0	0	1	0
main	system/rootfs/usr/lib/leonos/publish-resolver	3	0	0	0	1	0
main	system/rootfs/usr/lib/leonos/rc-default	1	0	0	0	1	0
main	system/rootfs/usr/share/udhcpc/default.script	7	0	0	0	0	0
main	system/test-accounts/group	2	0	0	0	0	0
main	tests/build/test-apk-ownership.sh	13	0	0	0	0	0
main	tests/build/test-auth-stage.sh	11	0	0	0	0	0
main	tests/build/test-components-metadata.sh	1	0	1	0	0	0
main	tests/build/test-components.sh	4	0	2	0	0	0
main	tests/build/test-concurrency.sh	1	3	0	0	0	0
main	tests/build/test-config-first-build.sh	5	0	0	0	0	0
main	tests/build/test-config-groups.sh	5	0	0	0	0	0
main	tests/build/test-deps.sh	6	0	0	0	0	0
main	tests/build/test-font-assets.sh	1	0	0	0	0	0
main	tests/build/test-gbk-generator.sh	12	0	0	0	0	0
main	tests/build/test-gears-generator.sh	1	0	0	0	0	0
main	tests/build/test-header-boundary.sh	4	6	0	0	0	0
main	tests/build/test-image-adapters.sh	4	0	0	0	0	0
main	tests/build/test-incremental.sh	4	29	0	0	0	0
main	tests/build/test-installer-stage.sh	5	0	0	0	0	0
main	tests/build/test-kernel-adapter.sh	2	17	0	0	0	0
main	tests/build/test-locale-conf.sh	4	0	0	0	0	0
main	tests/build/test-lock-safety.sh	3	0	0	0	0	0
main	tests/build/test-nls-extract.sh	1	0	0	0	0	0
main	tests/build/test-nls-stage.sh	5	0	0	0	0	0
main	tests/build/test-ntclks-fetch.sh	5	20	0	0	1	0
main	tests/build/test-oschinpt-index.sh	1	0	0	0	0	0
main	tests/build/test-pages.sh	7	1	0	0	0	0
main	tests/build/test-relative-kernel-output.sh	2	9	0	0	0	0
main	tests/build/test-reproducible.sh	1	3	0	0	0	0
main	tests/build/test-rootfs-stage.sh	4	0	0	0	0	0
main	tests/build/test-rpr-packages.sh	9	1	0	0	0	0
main	tests/build/test-sdk-driver.sh	8	0	0	0	0	0
main	tests/build/test-sdk-stage.sh	3	0	0	0	0	0
main	tests/build/test-submodule-contract.sh	1	23	0	0	0	0
main	tests/build/test-submodule-rollback-build.sh	1	19	0	0	0	0
main	tests/build/test-third-party.sh	5	0	0	0	0	0
main	tests/build/test-userland-graph.sh	7	0	1	0	0	0
main	tests/build/test-version-abi.sh	4	0	0	0	0	0
main	tests/host/test-support.h	24	0	0	0	0	0
main	tests/host/test_common.c	4	0	0	0	0	0
main	tests/host/test_json.c	1	0	0	0	0	0
main	tests/host/test_locale_conf.c	5	0	0	0	0	0
main	tests/host/test_motd.c	1	1	0	0	0	0
main	tests/integration/pam-product.sh	4	0	0	0	0	0
main	tests/integration/sdk-link.sh	2	0	0	0	0	0
main	tests/integration/test-apk-upgrade.sh	7	0	0	0	0	0
main	tests/integration/test-kernel-update.sh	14	0	0	0	0	0
main	tests/integration/test-motd-qemu.py	4	2	0	0	0	0
main	tests/integration/test-official-tools.sh	3	0	0	0	0	0
main	tests/integration/upstream-checkpoint.txt	4	0	0	0	0	0
main	tests/integration/upstream-incremental.sh	2	0	0	0	0	0
main	tests/long/test-execchain.sh	4	0	0	0	0	0
main	tests/long/test-jobs.sh	1	10	0	0	0	0
main	tests/long/test-stage-recovery.sh	12	0	0	0	0	0
main	third_party/doomgeneric/README.leonos.md	2	0	0	0	1	0
main	third_party/doomgeneric/doomgeneric/i_sound.c	1	0	0	0	0	0
main	third_party/doomgeneric/doomgeneric/i_system.c	1	0	0	0	0	0
main	third_party/doomgeneric/doomgeneric/r_data.c	3	0	0	0	0	0
main	third_party/doomgeneric/doomgeneric/w_file_stdc.c	7	0	0	0	0	0
main	third_party/rime-pinyin-simp/ATTRIBUTION.txt	1	0	0	0	0	0
main	tools/analyze_boot_log.py	8	31	0	0	0	0
main	tools/apk_distribution.py	35	0	0	0	0	0
main	tools/apk_ownership.py	4	0	0	0	0	0
main	tools/browser_test_page/index.html	3	0	1	0	0	0
main	tools/browser_test_page/plain.txt	1	0	0	0	0	0
main	tools/build/apk-stage.sh	33	0	0	0	0	0
main	tools/build/auth-upstream.sh	5	0	0	0	0	0
main	tools/build/disk.sh	3	0	0	0	0	0
main	tools/build/docs-page.sh	6	0	0	0	0	0
main	tools/build/download-page.sh	3	0	0	0	0	0
main	tools/build/efi-stage.sh	4	0	0	0	0	0
main	tools/build/fetch.sh	3	0	0	0	0	0
main	tools/build/home-page.sh	4	0	0	0	0	0
main	tools/build/images.sh	8	0	0	0	0	0
main	tools/build/installer-stage.sh	16	0	0	0	0	0
main	tools/build/iso.sh	3	0	0	0	0	0
main	tools/build/kconfig-frontends.sh	5	0	0	0	0	0
main	tools/build/md2html.awk	1	0	0	0	0	0
main	tools/build/musl-locales.sh	1	0	0	0	0	0
main	tools/build/musl-sdk.sh	6	0	0	0	0	0
main	tools/build/musl-sysroot.sh	7	0	0	0	0	0
main	tools/build/ntclks-release-guard.sh	0	11	0	0	1	0
main	tools/build/pam-stage.sh	2	1	0	0	0	0
main	tools/build/pam/Makefile	1	0	0	0	0	0
main	tools/build/pam/README.md	1	0	0	0	0	0
main	tools/build/pam/configure.sh	3	0	0	0	0	0
main	tools/build/png-config.sh	1	0	0	0	0	0
main	tools/build/rootfs-stage.sh	46	0	1	0	0	0
main	tools/build/rpr-apps.sh	12	0	0	0	0	0
main	tools/build/rpr-config.sh	1	0	0	0	0	0
main	tools/build/rpr-pages.sh	22	0	0	0	0	0
main	tools/build/run-logged.sh	1	0	0	0	0	0
main	tools/build/site-common.sh	3	0	0	0	0	0
main	tools/build/site.sh	4	0	0	0	0	0
main	tools/build/standalone-root.sh	3	0	0	0	0	0
main	tools/build/upstream-app.sh	6	1	0	0	0	0
main	tools/build/upstream-busybox.sh	2	0	0	0	0	0
main	tools/build/upstream-cmd-patch.sh	23	0	0	0	0	0
main	tools/build/verify-pages.sh	8	0	0	0	0	0
main	tools/build_api.py	5	0	0	0	0	0
main	tools/build_musl_ltp.py	3	0	0	0	0	0
main	tools/check_abi_migration.py	15	0	0	0	0	0
main	tools/check_licenses.py	7	0	0	0	0	0
main	tools/count_code.py	5	0	0	0	0	0
main	tools/generate_linux_syscalls.py	1	1	0	0	0	0
main	tools/host/apk/leonos-apk-own.c	14	0	0	0	1	0
main	tools/host/assets/leonos-font.c	2	0	0	0	1	0
main	tools/host/assets/leonos-gbk.c	11	0	0	0	1	0
main	tools/host/assets/leonos-grub-font.c	3	0	0	0	1	0
main	tools/host/assets/leonos-oschinpt-index.c	1	0	0	0	1	0
main	tools/host/common/buffer.h	3	0	0	0	0	0
main	tools/host/common/io.h	3	0	0	0	0	0
main	tools/host/common/process.h	3	0	0	0	0	0
main	tools/host/config/leonos-config.c	6	0	0	0	1	0
main	tools/host/gen/leonos-emit.c	2	0	0	0	1	0
main	tools/host/images/leonos-ext2-time.c	1	0	0	0	1	0
main	tools/host/manifest/json.h	3	0	0	0	0	0
main	tools/host/manifest/leonos-components.c	4	0	1	0	1	0
main	tools/host/manifest/leonos-dedup.c	1	0	0	0	1	0
main	tools/host/manifest/leonos-deps.c	5	0	0	0	1	0
main	tools/host/manifest/leonos-gears.c	2	0	0	0	1	0
main	tools/host/manifest/leonos-layout.c	3	1	0	0	1	0
main	tools/host/manifest/leonos-stage.c	2	0	0	0	1	0
main	tools/host/nls/leonos-nls-extract.c	0	0	0	0	1	0
main	tools/host/sdk/leonos-musl-cc.c	6	0	0	0	1	0
main	tools/host/version/leonos-version.c	13	0	1	0	1	0
main	tools/image_test_accounts.py	3	0	0	0	0	0
main	tools/leonos_layout.py	71	1	0	0	1	0
main	tools/make_app_icons.py	1	0	0	0	0	0
main	tools/make_image.py	18	0	0	0	0	0
main	tools/make_installer_iso.py	8	0	0	0	0	0
main	tools/make_installer_root.py	23	0	0	0	0	0
main	tools/make_live_root.py	2	0	0	0	0	0
main	tools/make_window_button_icons.py	1	0	0	0	0	0
main	tools/musl_link.py	2	0	0	0	0	0
main	tools/oschinpt-apk-post-deinstall	1	0	0	0	0	0
main	tools/oschinpt-apk-post-install	2	0	0	0	0	0
main	tools/package_fastfetch.py	3	0	0	0	0	0
main	tools/package_musl_gcc.py	4	0	0	0	0	0
main	tools/package_python.py	4	0	0	0	0	0
main	tools/prepare_gcc_probe.py	4	0	0	0	0	0
main	tools/prepare_ui_font.py	1	0	0	0	0	0
main	tools/prepare_vt_fixture.py	5	1	0	0	0	0
main	tools/provision_rpr_signing_key.sh	3	0	0	0	0	0
main	tools/qmp_terminal_smoke.py	3	0	0	0	0	0
main	tools/run_gcc_probe_qemu.py	2	0	0	0	0	0
main	tools/storage_tools.py	1	0	0	0	0	0
main	tools/test_ahci_completion.py	1	1	0	0	0	0
main	tools/test_alpine_runtime_qemu.py	4	1	0	0	0	0
main	tools/test_apiapp_authorization.py	2	1	0	0	0	0
main	tools/test_apiapp_qemu.py	5	0	0	0	0	0
main	tools/test_apk_layout.py	13	0	0	0	0	0
main	tools/test_apk_ownership.py	2	0	0	0	0	0
main	tools/test_apk_qemu.py	5	1	0	0	0	0
main	tools/test_auth_guest.py	6	0	0	0	0	0
main	tools/test_auth_upstream.py	1	0	0	0	0	0
main	tools/test_busybox_pid1.py	1	1	0	0	0	0
main	tools/test_capslock_qemu.py	3	0	0	0	0	0
main	tools/test_chroot_qemu.py	5	0	0	0	0	0
main	tools/test_clang_runtime_qemu.py	6	4	0	0	0	0
main	tools/test_code_count.py	3	0	0	0	0	0
main	tools/test_console_boot_policy.py	8	1	0	0	0	0
main	tools/test_desktop_fps_qemu.py	4	0	0	0	0	0
main	tools/test_e1000.py	1	1	0	0	0	0
main	tools/test_eevdf.py	1	1	0	0	0	0
main	tools/test_exec_script.py	0	2	0	0	0	0
main	tools/test_execution_lock.py	1	2	0	0	0	0
main	tools/test_execution_lock_qemu.py	5	0	0	0	0	0
main	tools/test_ext2_cache.py	0	1	0	0	0	0
main	tools/test_ext2_performance.py	0	1	0	0	0	0
main	tools/test_ext2_write_batch.py	0	1	0	0	0	0
main	tools/test_gpu.py	4	4	0	0	0	0
main	tools/test_header_export.py	2	1	0	0	0	0
main	tools/test_hyfetch_qemu.py	9	0	0	0	0	0
main	tools/test_image_accounts.py	3	0	0	0	0	0
main	tools/test_init_power.py	0	1	0	0	0	0
main	tools/test_installer_accounts_qemu.py	1	0	0	0	0	0
main	tools/test_installer_input.py	11	8	0	0	0	0
main	tools/test_installer_mode_switch_qemu.py	1	0	0	0	0	0
main	tools/test_installer_setup.py	6	4	0	0	0	0
main	tools/test_installer_update_qemu.py	3	0	0	0	0	0
main	tools/test_installer_wheel.py	0	1	0	0	0	0
main	tools/test_installer_window_qemu.py	1	0	0	0	0	0
main	tools/test_linux_abi_contract.py	2	9	0	0	0	0
main	tools/test_linux_capabilities.py	1	1	0	0	0	0
main	tools/test_linux_descriptors.py	1	4	0	0	0	0
main	tools/test_linux_fifo.py	7	2	0	0	0	0
main	tools/test_linux_inventory.py	6	2	0	0	0	0
main	tools/test_linux_ioctl_cloexec.py	18	12	0	0	0	0
main	tools/test_linux_memory.py	1	2	0	0	0	0
main	tools/test_linux_permissions.py	1	1	0	0	0	0
main	tools/test_linux_process_vm.py	1	2	0	0	0	0
main	tools/test_linux_pty.py	0	2	0	0	0	0
main	tools/test_linux_reference.py	2	0	0	0	0	0
main	tools/test_linux_resources.py	1	1	0	0	0	0
main	tools/test_linux_rootfs.py	2	2	0	0	0	0
main	tools/test_linux_socket_batches.py	1	4	0	0	0	0
main	tools/test_linux_sysv_msg.py	1	2	0	0	0	0
main	tools/test_linux_sysv_sem.py	1	2	0	0	0	0
main	tools/test_linux_threads.py	1	3	0	0	0	0
main	tools/test_linux_time.py	1	2	0	0	0	0
main	tools/test_linux_vfork_stack.py	1	0	0	0	0	0
main	tools/test_live_iso.py	14	0	0	0	0	0
main	tools/test_make_image.py	12	0	0	0	0	0
main	tools/test_musl_abi.py	1	1	0	0	0	0
main	tools/test_musl_distribution.py	6	0	0	0	0	0
main	tools/test_musl_gcc_package.py	3	1	0	0	0	0
main	tools/test_netmand.py	5	2	0	0	0	0
main	tools/test_network.py	1	1	0	0	0	0
main	tools/test_network_qemu.py	12	1	0	0	0	0
main	tools/test_oobe.py	8	7	0	0	0	0
main	tools/test_openrc_authorization.py	1	0	0	0	0	0
main	tools/test_openrc_gui.py	5	0	0	0	0	0
main	tools/test_openrc_network.py	1	2	0	0	0	0
main	tools/test_openrc_resolver.py	4	0	0	0	0	0
main	tools/test_openrc_runtime.py	1	1	0	0	0	0
main	tools/test_openrc_shutdown.py	1	0	0	0	0	0
main	tools/test_pam_helper_reference.py	2	0	0	0	0	0
main	tools/test_pam_login_case.py	0	1	0	0	0	0
main	tools/test_pam_login_switch_qemu.py	3	0	0	0	0	0
main	tools/test_power.py	1	4	0	0	0	0
main	tools/test_power_qemu.py	1	2	0	0	0	0
main	tools/test_prepare_ui_font.py	1	0	0	0	0	0
main	tools/test_privilege_negatives.py	27	10	0	0	0	0
main	tools/test_procfs_taskmgr.py	4	5	0	0	0	0
main	tools/test_python_package.py	1	0	0	0	0	0
main	tools/test_record_locks.py	1	1	0	0	0	0
main	tools/test_regular_file_io.py	0	2	0	0	0	0
main	tools/test_runtime_responsiveness.py	3	5	0	0	0	0
main	tools/test_secure_loader.py	4	0	0	0	0	0
main	tools/test_security_regressions.py	6	1	0	0	0	0
main	tools/test_service_marker.py	8	4	0	0	0	0
main	tools/test_storage_metadata.py	1	2	0	0	0	0
main	tools/test_storage_mkdir_mount.py	1	3	0	0	0	0
main	tools/test_storage_payload.py	3	0	0	0	0	0
main	tools/test_storage_rename.py	1	2	0	0	0	0
main	tools/test_storage_sync.py	1	1	0	0	0	0
main	tools/test_storage_upstream_guest.py	2	0	0	0	0	0
main	tools/test_storage_upstream_runtime.py	4	0	0	0	0	0
main	tools/test_storage_write_batch.py	0	1	0	0	0	0
main	tools/test_sudo_e2e_qemu.py	2	0	1	0	0	0
main	tools/test_sudo_policy.py	3	1	0	0	0	0
main	tools/test_svga.py	2	3	0	0	0	0
main	tools/test_tcp_download_qemu.py	6	0	0	0	0	0
main	tools/test_terminal.py	1	1	0	0	0	0
main	tools/test_terminal_packages.py	3	0	0	0	0	0
main	tools/test_time_info.py	2	1	0	0	0	0
main	tools/test_tmpfs.py	0	2	0	0	0	0
main	tools/test_uapi.py	1	4	0	0	0	0
main	tools/test_uinxed_guest.py	6	0	0	0	0	0
main	tools/test_unix_ipc.py	4	0	0	0	0	0
main	tools/test_upstream_tools_images.py	5	0	0	0	0	0
main	tools/test_upstream_tools_runtime.py	5	0	0	0	0	0
main	tools/test_vt_installed_qemu.py	1	0	0	0	0	0
main	tools/test_vt_installer_qemu.py	5	0	0	0	0	0
main	tools/test_vt_qemu.py	5	0	0	0	0	0
main	tools/tests/abi_layout_golden.json	142	2	0	0	0	0
main	tools/tests/account_store_test.c	15	0	0	0	0	0
main	tools/tests/ahci_completion_test.c	1	2	0	0	0	0
main	tools/tests/apiapp_authorization_test.c	17	0	0	0	0	0
main	tools/tests/apk_guest_probe.c	11	0	0	0	0	0
main	tools/tests/apk_zlib_probe.c	0	1	0	0	0	0
main	tools/tests/authd_accounts_test.c	5	0	0	0	0	0
main	tools/tests/authd_credentials_runtime_probe.c	11	0	0	0	0	0
main	tools/tests/authd_input_test.c	13	0	0	0	0	0
main	tools/tests/authd_power_client_test.c	19	0	0	0	0	0
main	tools/tests/authd_power_test.c	5	0	0	0	0	0
main	tools/tests/authd_sudo_test.c	51	0	0	0	0	0
main	tools/tests/blockdev_errno_test.c	4	0	0	0	0	0
main	tools/tests/capability_test.c	2	1	0	0	0	0
main	tools/tests/chroot_paths_test.c	1	0	0	0	0	0
main	tools/tests/clang_guest_probe.c	0	1	0	0	0	0
main	tools/tests/cmd_fdisk_dispatch_test.c	2	0	0	0	0	0
main	tools/tests/descriptor_table_test.c	34	1	0	0	0	0
main	tools/tests/driver_control_test.c	8	1	0	0	0	0
main	tools/tests/e1000_init_test.c	5	1	0	0	0	0
main	tools/tests/eevdf_scheduler_test.c	0	5	0	0	0	0
main	tools/tests/eevdf_test.c	0	1	0	0	0	0
main	tools/tests/elf_file_page_test.c	5	2	0	0	0	0
main	tools/tests/elf_interpreter_test.c	0	1	0	0	0	0
main	tools/tests/evdev_led_test.c	4	2	0	0	0	0
main	tools/tests/exec_script_test.c	4	1	0	0	0	0
main	tools/tests/execution_lock_test.c	0	1	0	0	0	0
main	tools/tests/fastfetch_guest_probe.c	2	0	0	0	0	0
main	tools/tests/futex_queue_test.c	1	4	0	0	0	0
main	tools/tests/gcc_guest_probe.c	2	0	0	0	0	0
main	tools/tests/gpu_syscall_test.c	45	3	0	0	0	0
main	tools/tests/gpu_usercopy_test.c	0	21	0	0	0	0
main	tools/tests/init_power_test.c	5	0	0	0	0	0
main	tools/tests/installer_accounts_test.c	12	0	0	0	0	0
main	tools/tests/installer_directory_test.c	2	0	0	0	0	0
main	tools/tests/installer_hyfetch_config_test.c	1	0	0	0	0	0
main	tools/tests/installer_mount_transition_test.c	11	0	0	0	0	0
main	tools/tests/installer_tty_input_test.c	1	0	0	0	0	0
main	tools/tests/installer_wheel_test.c	3	0	0	0	0	0
main	tools/tests/ioctl_cloexec_table_test.c	41	2	0	0	0	0
main	tools/tests/legacy_authd/accounts.c	13	0	0	0	0	0
main	tools/tests/legacy_authd/accounts.h	9	0	0	0	0	0
main	tools/tests/legacy_authd/authd_client.c	104	0	0	0	0	0
main	tools/tests/legacy_authd/authd_client_internal.h	9	0	0	0	0	0
main	tools/tests/legacy_authd/authd_sudo.c	74	0	0	0	0	0
main	tools/tests/legacy_authd/authd_sudo.h	8	0	0	0	0	0
main	tools/tests/legacy_authd/include/leonos/auth.h	55	0	0	0	1	0
main	tools/tests/legacy_authd/include/leonos/auth_db.h	14	0	0	0	1	0
main	tools/tests/legacy_authd/include/leonos/authd.h	70	0	0	0	1	0
main	tools/tests/legacy_authd/main.c	110	0	0	0	0	0
main	tools/tests/legacy_authd/sudo_policy.h	11	0	0	0	0	0
main	tools/tests/linux_inventory_test.c	10	4	0	0	0	0
main	tools/tests/linux_ioctl_cloexec_test.c	3	0	0	0	0	0
main	tools/tests/linux_map_stack_test.c	0	1	0	0	0	0
main	tools/tests/linux_permissions_test.c	25	1	0	0	0	0
main	tools/tests/linux_pty_test.c	4	1	0	0	0	0
main	tools/tests/ltp_guest_runner.c	1	0	0	0	0	0
main	tools/tests/membarrier_cpu_test.c	0	1	0	0	0	0
main	tools/tests/motd_guest_probe.c	1	1	0	0	0	0
main	tools/tests/mouse_init_test.c	1	1	0	0	0	0
main	tools/tests/musl_guest_test.c	1	0	0	0	0	0
main	tools/tests/nanosleep_state_test.c	0	3	0	0	0	0
main	tools/tests/net_interface_test.c	0	1	0	0	0	0
main	tools/tests/net_packet_test.c	2	1	0	0	0	0
main	tools/tests/netctl_dhcp_test.c	4	0	0	0	0	0
main	tools/tests/netmand_client_test.c	19	0	0	0	0	0
main	tools/tests/network_guest_test.c	43	0	0	0	0	0
main	tools/tests/oobe_auth_boot_test.c	18	0	0	0	0	0
main	tools/tests/oobe_inputm_test.c	11	0	0	0	0	0
main	tools/tests/oobe_network_test.c	10	0	0	0	0	0
main	tools/tests/oobe_startup_test.c	4	0	0	0	0	0
main	tools/tests/oobe_window_test.c	16	0	0	0	0	0
main	tools/tests/openrc_authorization_test.c	10	0	0	0	0	0
main	tools/tests/paging_protection_test.c	0	12	0	0	0	0
main	tools/tests/pam_login_case_test.c	9	0	0	0	0	0
main	tools/tests/pam_runtime_probe.c	11	0	0	0	0	0
main	tools/tests/password_policy_runtime_probe.c	5	0	0	0	0	0
main	tools/tests/phase0_ipc_smoke.c	6	0	0	0	0	0
main	tools/tests/physical_pages_test.c	0	1	0	0	0	0
main	tools/tests/pointer_routing_test.c	31	5	0	0	0	0
main	tools/tests/power_controls_test.c	4	0	0	0	0	0
main	tools/tests/private_anon_fault_test.c	0	3	0	0	0	0
main	tools/tests/privilege_negatives_probe.c	4	1	0	0	0	0
main	tools/tests/process_signal_queue_test.c	0	5	0	0	0	0
main	tools/tests/process_vm_test.c	0	9	0	0	0	0
main	tools/tests/procfs_directories_test.c	17	3	0	0	0	0
main	tools/tests/procsys_status_test.c	9	0	0	0	0	0
main	tools/tests/random_source_test.c	1	1	0	0	0	0
main	tools/tests/reboot_syscall_test.c	0	1	0	0	0	0
main	tools/tests/record_locks_test.c	1	1	0	0	0	0
main	tools/tests/regular_file_io_test.c	1	1	0	0	0	0
main	tools/tests/resource_limits_test.c	0	1	0	0	0	0
main	tools/tests/resource_mm_test.c	0	5	0	0	0	0
main	tools/tests/rootfs_gpt_test.c	5	0	0	0	0	0
main	tools/tests/rootfs_mounts_test.c	0	4	0	0	0	0
main	tools/tests/rootfs_paths_test.c	7	1	0	0	0	0
main	tools/tests/rootfs_uts_test.c	1	1	0	0	0	0
main	tools/tests/signal_address_space_test.c	0	7	0	0	0	0
main	tools/tests/signal_info_queue_test.c	0	3	0	0	0	0
main	tools/tests/signalfd_test.c	0	3	0	0	0	0
main	tools/tests/socket_batch_test.c	0	1	0	0	0	0
main	tools/tests/socket_batch_unix_test.c	4	2	0	0	0	0
main	tools/tests/storage_metadata_test.c	3	3	0	0	0	0
main	tools/tests/storage_mkdir_mount_test.c	3	1	0	0	0	0
main	tools/tests/storage_rename_test.c	6	4	0	0	0	0
main	tools/tests/storage_sync_test.c	0	3	0	0	0	0
main	tools/tests/storage_upstream_guest.c	6	0	0	0	0	0
main	tools/tests/storage_write_batch_test.c	2	7	0	0	0	0
main	tools/tests/sudo_client_test.c	24	0	0	0	0	0
main	tools/tests/sudo_password_test.c	2	0	0	0	0	0
main	tools/tests/sudo_policy_test.c	8	0	0	0	0	0
main	tools/tests/sudo_result_test.c	6	0	0	0	0	0
main	tools/tests/sudo_security_test.c	1	0	0	0	0	0
main	tools/tests/sudo_spawn_test.c	1	0	0	0	0	0
main	tools/tests/sudod_paths_test.c	2	0	0	0	0	0
main	tools/tests/svga_test.c	18	0	0	0	0	0
main	tools/tests/sysv_msg_test.c	0	2	0	0	0	0
main	tools/tests/sysv_sem_test.c	0	2	0	0	0	0
main	tools/tests/taskmgr_gpu_sample_test.c	6	0	0	0	0	0
main	tools/tests/tcp_download_guest.c	1	0	0	0	0	0
main	tools/tests/tcp_state_test.c	6	1	0	0	0	0
main	tools/tests/terminal_session_test.c	3	0	0	0	0	0
main	tools/tests/time_discipline_test.c	0	1	0	0	0	0
main	tools/tests/time_info_test.c	8	0	0	0	0	0
main	tools/tests/timekeeper_discipline_test.c	0	1	0	0	0	0
main	tools/tests/tmpfs_mmap_test.c	1	0	0	0	0	0
main	tools/tests/tmpfs_test.c	2	2	0	0	0	0
main	tools/tests/udp_socket_test.c	5	2	0	0	0	0
main	tools/tests/unix_ipc_disconnect_test.c	8	0	0	0	0	0
main	tools/tests/unix_ipc_frame_test.c	5	0	0	0	0	0
main	tools/tests/unix_ipc_partial_send_test.c	13	0	0	0	0	0
main	tools/tests/unix_ipc_stream_test.c	25	0	0	0	0	0
main	tools/tests/user_mmap_arena_test.c	0	7	0	0	0	0
main	tools/tests/vt_console_test.c	0	1	0	0	0	0
main	tools/tests/vt_guest_test.c	8	0	0	0	0	0
main	tools/tests/vt_strip_probe.c	3	0	0	0	0	0
main	tools/tests/wind_framebuffer_test.c	28	0	0	0	0	0
main	tools/tests/wind_reply_test.c	42	0	0	0	0	0
main	tools/tests/wind_surface_test.c	27	0	0	0	0	0
main	tools/tests/window_resize_test.c	17	0	0	0	0	0
main	tools/tests/windowd_announce_test.c	16	0	0	0	0	0
main	tools/vscode/README.md	5	0	0	0	0	0
main	tools/vscode/generate_compile_commands.py	8	14	0	0	0	0
main	tools/vscode/run_clang_tidy.py	1	0	0	0	0	0
main	userland/apps/abittest/main.c	1	0	0	0	0	0
main	userland/apps/apiapp/main.c	161	0	0	0	0	0
main	userland/apps/browser/auth.c	2	0	0	0	0	0
main	userland/apps/browser/bookmarks.c	58	0	0	0	0	0
main	userland/apps/browser/browser.h	38	0	0	0	0	0
main	userland/apps/browser/cookies.c	25	0	0	0	0	0
main	userland/apps/browser/embed.c	10	0	0	0	0	0
main	userland/apps/browser/forms.c	33	0	0	0	0	0
main	userland/apps/browser/input.c	46	0	0	0	0	0
main	userland/apps/browser/litehtml_core.c	6	0	0	0	0	0
main	userland/apps/browser/litehtml_core.h	4	0	0	0	0	0
main	userland/apps/browser/main.c	21	0	0	0	0	0
main	userland/apps/browser/navigation.c	37	0	0	0	0	0
main	userland/apps/browser/state.c	10	0	0	0	0	0
main	userland/apps/browser/util.c	1	0	0	0	0	0
main	userland/apps/browser/view.c	91	0	0	0	0	0
main	userland/apps/bugtest/main.c	72	0	0	0	0	0
main	userland/apps/calc/main.c	39	0	0	0	0	0
main	userland/apps/cjktest/main.c	49	0	0	0	0	0
main	userland/apps/desktop/autospawn.c	14	1	0	0	0	0
main	userland/apps/desktop/desktop.h	55	0	0	0	0	0
main	userland/apps/desktop/desktop_items.c	79	0	0	0	0	0
main	userland/apps/desktop/desktop_run.c	36	0	0	0	0	0
main	userland/apps/desktop/draw.c	53	0	0	0	0	0
main	userland/apps/desktop/input.c	117	0	0	0	0	0
main	userland/apps/desktop/inputm.c	27	0	0	0	0	0
main	userland/apps/desktop/main.c	7	0	0	0	0	0
main	userland/apps/desktop/render.c	59	0	0	0	0	0
main	userland/apps/desktop/screen.c	89	0	0	0	0	0
main	userland/apps/desktop/services.c	1	0	0	0	0	0
main	userland/apps/desktop/start_menu.c	108	0	0	0	0	0
main	userland/apps/desktop/state.c	14	0	0	0	0	0
main	userland/apps/desktop/switcher.c	5	0	0	0	0	0
main	userland/apps/desktop/util.c	84	0	0	0	0	0
main	userland/apps/desktop/window.c	20	0	0	0	0	0
main	userland/apps/device-agent/main.c	59	0	0	0	0	0
main	userland/apps/devmgr/main.c	58	0	0	0	0	0
main	userland/apps/diskmgr/main.c	184	0	0	0	0	0
main	userland/apps/doom/leonos_audio.c	400	0	0	0	1	0
main	userland/apps/doom/main.c	30	0	0	0	0	0
main	userland/apps/doomlauncher/main.c	70	0	0	0	0	0
main	userland/apps/downloadmgr/main.c	71	0	0	0	0	0
main	userland/apps/drvmgr/main.c	64	0	0	0	0	0
main	userland/apps/dynlinkerror/main.c	39	0	0	0	0	0
main	userland/apps/fastfetch/README.md	2	0	0	0	0	0
main	userland/apps/fileman/actions.c	38	0	0	0	0	0
main	userland/apps/fileman/elevation.c	11	0	0	0	0	0
main	userland/apps/fileman/fileman.h	43	0	0	0	0	0
main	userland/apps/fileman/input.c	40	0	0	0	0	0
main	userland/apps/fileman/main.c	17	0	0	0	0	0
main	userland/apps/fileman/model.c	193	0	1	0	0	0
main	userland/apps/fileman/operations.c	51	0	1	0	0	0
main	userland/apps/fileman/state.c	10	0	0	0	0	0
main	userland/apps/fileman/view.c	68	0	0	0	0	0
main	userland/apps/glxgears/SDL.h	4	0	0	0	0	0
main	userland/apps/glxgears/gpu_backend.h	3	0	0	0	0	0
main	userland/apps/glxgears/main.c	27	0	0	0	0	0
main	userland/apps/glxgears/tests/frontend_test.c	18	0	0	0	0	0
main	userland/apps/glxgears/tests/gpu_backend_test.c	2	0	0	0	0	0
main	userland/apps/glxgears/tests/run_host_tests.sh	1	1	0	0	0	0
main	userland/apps/gptinit/main.c	3	0	0	0	0	0
main	userland/apps/guitest/main.c	70	0	0	0	0	0
main	userland/apps/hello/main.c	26	0	0	0	0	0
main	userland/apps/helloworld/main.c	23	0	0	0	0	0
main	userland/apps/httpget/main.c	72	0	0	0	0	0
main	userland/apps/imageview/main.c	59	0	0	0	0	0
main	userland/apps/imd/main.c	58	0	0	0	0	0
main	userland/apps/installer/installer_directory.h	6	0	0	0	0	0
main	userland/apps/installer/installer_setup.c	12	0	0	0	0	0
main	userland/apps/installer/installer_setup.h	8	0	0	0	0	0
main	userland/apps/installer/installer_sha256.c	9	0	0	0	0	0
main	userland/apps/installer/installer_sha256.h	2	0	0	0	0	0
main	userland/apps/installer/installer_tty.c	7	0	0	0	0	0
main	userland/apps/installer/installer_tty.h	5	0	0	0	0	0
main	userland/apps/installer/main.c	498	0	2	0	0	0
main	userland/apps/ipctest/main.c	7	0	0	0	0	0
main	userland/apps/leonmmcoset/leonmmcoset.png	0	0	0	0	1	1
main	userland/apps/leonmmcoset/main.c	31	0	19	0	1	0
main	userland/apps/locale_settings.h	2	0	0	0	0	0
main	userland/apps/localized_doc.h	4	0	0	0	0	0
main	userland/apps/login/main.c	68	0	0	0	0	0
main	userland/apps/memtest/main.c	7	0	0	0	0	0
main	userland/apps/minesweeper/main.c	42	0	0	0	0	0
main	userland/apps/motd/format.h	2	0	0	0	0	0
main	userland/apps/mp3play/main.c	50	0	0	0	0	0
main	userland/apps/netctl/main.c	93	0	0	0	0	0
main	userland/apps/notepad/main.c	108	0	0	0	0	0
main	userland/apps/oschinpt/main.c	40	0	0	0	0	0
main	userland/apps/oshlp/main.c	80	0	0	0	0	0
main	userland/apps/osver/main.c	79	0	1	0	0	0
main	userland/apps/paint/main.c	58	0	0	0	0	0
main	userland/apps/pleditor/platform_leonos.c	10	0	0	0	1	0
main	userland/apps/rcctl/main.c	2	0	0	0	0	0
main	userland/apps/rprfetch/main.c	3	0	0	0	0	0
main	userland/apps/run/main.c	41	0	0	0	0	0
main	userland/apps/servicemgr/main.c	78	0	0	0	0	0
main	userland/apps/sessiond/main.c	64	0	0	0	0	0
main	userland/apps/settings/main.c	387	0	0	0	0	0
main	userland/apps/shell/main.c	12	0	0	0	0	0
main	userland/apps/smptest/main.c	15	0	0	0	0	0
main	userland/apps/sudod/main.c	26	0	0	0	0	0
main	userland/apps/sudod/paths.h	9	0	0	0	0	0
main	userland/apps/sysconfdialog/main.c	63	0	0	0	0	0
main	userland/apps/taskmgr/gpu_sample.h	1	0	0	0	0	0
main	userland/apps/taskmgr/main.c	271	0	0	0	0	0
main	userland/apps/terminal/main.c	94	0	0	0	0	0
main	userland/apps/uidemo/main.c	263	0	0	0	0	0
main	userland/apps/wavplay/main.c	5	0	0	0	0	0
main	userland/apps/windowd/main.c	128	0	0	0	0	0
main	userland/apps/xiaobai/main.c	31	0	0	0	0	0
main	userland/auth/account_store.c	6	0	0	0	0	0
main	userland/auth/account_store.h	4	0	0	0	0	0
main	userland/auth/standard_accounts.c	13	0	0	0	0	0
main	userland/auth/standard_accounts.h	7	0	0	0	0	0
main	userland/busybox/README.md	5	0	0	0	0	0
main	userland/busybox/block_storage.c	104	0	0	0	0	0
main	userland/busybox/leonos.config	6	0	0	0	1	0
main	userland/busybox/leonos_shim.c	29	0	0	0	1	0
main	userland/cmd/README.md	3	0	0	0	0	0
main	userland/cmd/include/sys/ioctl.h	2	0	0	0	0	0
main	userland/cmd/include/sys/utsname.h	2	0	0	0	0	0
main	userland/cmd/leonos_cmd_shim.c	83	0	0	0	1	0
main	userland/dynamic-linker.ld	1	0	0	0	0	0
main	userland/fastfetch/README.md	13	3	0	0	0	0
main	userland/fastfetch/config.jsonc	1	0	0	0	0	0
main	userland/fastfetch/hyfetch.json	1	0	0	0	0	0
main	userland/fastfetch/leonos-ascii.txt	0	0	0	0	1	0
main	userland/musl-gcc/README.md	2	0	0	0	0	0
main	userland/musl-gcc/hello.c	1	0	0	0	0	0
main	userland/musl-gcc/launcher.c	1	0	0	0	0	0
main	userland/pam/pam_leonos_password.c	2	0	0	0	1	0
main	userland/portablegl/leonos_pgl.c	51	0	0	0	1	0
main	userland/python/README.md	1	0	0	0	0	0
main	userland/python/hello.py	1	0	0	0	0	0
main	userland/runtime/include/curses.h	2	0	0	0	0	0
main	userland/runtime/include/leonos/app.h	37	0	0	0	1	0
main	userland/runtime/include/leonos/blockdev.h	36	0	0	0	1	0
main	userland/runtime/include/leonos/devmand.h	13	0	0	0	1	0
main	userland/runtime/include/leonos/devmgr_service.h	34	0	0	0	1	0
main	userland/runtime/include/leonos/environment.h	12	0	0	0	1	0
main	userland/runtime/include/leonos/gpu_sdk.h	29	0	0	0	1	0
main	userland/runtime/include/leonos/gui.h	169	0	0	0	1	0
main	userland/runtime/include/leonos/inputm.h	21	0	0	0	1	0
main	userland/runtime/include/leonos/inputmd.h	26	0	0	0	1	0
main	userland/runtime/include/leonos/launch.h	33	0	0	0	1	0
main	userland/runtime/include/leonos/launch_result.h	7	0	0	0	1	0
main	userland/runtime/include/leonos/layout.h	99	0	0	0	1	0
main	userland/runtime/include/leonos/mouse.h	13	0	0	0	1	0
main	userland/runtime/include/leonos/net_service.h	58	0	0	0	1	0
main	userland/runtime/include/leonos/openrc.h	6	0	0	0	1	0
main	userland/runtime/include/leonos/pam_session.h	8	0	0	0	1	0
main	userland/runtime/include/leonos/pgl.h	25	0	0	0	1	0
main	userland/runtime/include/leonos/sessiond.h	19	0	0	0	1	0
main	userland/runtime/include/leonos/stdio.h	2	0	0	0	1	0
main	userland/runtime/include/leonos/sudo.h	22	0	0	0	1	0
main	userland/runtime/include/leonos/syscall.h	23	0	0	0	1	0
main	userland/runtime/include/leonos/text_input.h	31	0	0	0	1	0
main	userland/runtime/include/leonos/tls.h	6	0	0	0	1	0
main	userland/runtime/include/leonos/ui.h	301	0	0	0	1	0
main	userland/runtime/include/leonos/unix_ipc.h	24	0	0	0	1	0
main	userland/runtime/include/leonos/windowd.h	46	0	0	0	1	0
main	userland/runtime/include/leonos_mbedtls_config.h	4	0	0	0	1	0
main	userland/runtime/include/ncurses.h	4	0	0	0	0	0
main	userland/runtime/src/admin.c	4	0	0	0	0	0
main	userland/runtime/src/ansi_curses.c	6	0	0	0	0	0
main	userland/runtime/src/api.c	114	0	0	0	0	0
main	userland/runtime/src/app_registry.c	45	0	0	0	0	0
main	userland/runtime/src/auth_accounts.c	28	0	0	0	0	0
main	userland/runtime/src/auth_password.c	4	0	0	0	0	0
main	userland/runtime/src/blockdev.c	57	0	0	0	0	0
main	userland/runtime/src/devmand_client.c	29	0	0	0	0	0
main	userland/runtime/src/devmgr_service.c	6	0	0	0	0	0
main	userland/runtime/src/environment.c	43	0	0	0	0	0
main	userland/runtime/src/gpu.c	21	0	0	0	0	0
main	userland/runtime/src/gpu_sdk.c	15	0	0	0	0	0
main	userland/runtime/src/ini.c	36	0	0	0	0	0
main	userland/runtime/src/inputm.c	84	0	0	0	0	0
main	userland/runtime/src/launch.c	177	0	0	0	0	0
main	userland/runtime/src/libc.c	204	0	0	0	0	0
main	userland/runtime/src/license.c	93	0	0	0	0	0
main	userland/runtime/src/locale_conf.c	4	0	0	0	0	0
main	userland/runtime/src/locale_conf.h	11	0	0	0	0	0
main	userland/runtime/src/net_service.c	9	0	0	0	0	0
main	userland/runtime/src/netsock.c	66	0	0	0	0	0
main	userland/runtime/src/ntp.c	8	0	0	0	0	0
main	userland/runtime/src/ntp_protocol.h	2	0	0	0	0	0
main	userland/runtime/src/openrc.c	9	0	0	0	0	0
main	userland/runtime/src/pam_session.c	28	0	0	0	0	0
main	userland/runtime/src/png.c	10	0	0	0	0	0
main	userland/runtime/src/procsys.c	25	0	0	0	0	0
main	userland/runtime/src/sessiond_client.c	50	0	0	0	0	0
main	userland/runtime/src/sudo_client.c	20	0	0	0	0	0
main	userland/runtime/src/syscall.S	4	0	0	0	0	0
main	userland/runtime/src/tar.c	89	0	0	0	0	0
main	userland/runtime/src/text_encoding.c	74	0	0	0	0	0
main	userland/runtime/src/tls.c	89	0	0	0	0	0
main	userland/runtime/src/ui.c	584	0	0	0	0	0
main	userland/runtime/src/ui_edit.c	140	0	0	0	0	0
main	userland/runtime/src/ui_input.c	13	0	0	0	0	0
main	userland/runtime/src/ui_internal.h	11	0	0	0	0	0
main	userland/runtime/src/ui_listview.c	31	0	0	0	0	0
main	userland/runtime/src/ui_surface.c	41	0	0	0	0	0
main	userland/runtime/src/ui_tabs.c	43	0	0	0	0	0
main	userland/runtime/src/ui_text.c	60	0	0	0	0	0
main	userland/runtime/src/ui_theme.c	53	0	0	0	0	0
main	userland/runtime/src/ui_treeview.c	67	0	0	0	0	0
main	userland/runtime/src/ui_value_inputs.c	85	0	0	0	0	0
main	userland/runtime/src/ui_widgets.c	206	0	0	0	0	0
main	userland/runtime/src/ui_window_buttons.c	31	0	0	0	0	0
main	userland/runtime/src/unix_ipc.c	27	0	0	0	0	0
main	userland/runtime/src/wind.c	209	0	0	0	0	0
main	userland/sl/README.md	2	0	0	0	0	0
main	userland/sqlite/README.md	3	0	0	0	0	0
main	userland/sqlite/leonos_sqlite_vfs.c	65	0	0	0	1	0
main	userland/stardustui/src/platform_leonos.cpp	41	0	0	0	1	0
main	userland/storage/leonos-apk-update	7	0	0	0	1	0
main	userland/storage/leonos-check-update	9	0	0	0	1	0
main	userland/storage/leonos-grub-installer	7	0	0	0	1	0
main	userland/storage/leonos-kernel-update	10	0	0	0	1	0
main	userland/storage/leonos-rpr-apkcheck	4	0	0	0	1	0
main	userland/storage/leonos-rpr-ping	5	0	0	0	1	0
kernel	.github/workflows/build.yml	1	3	0	0	0	0
kernel	Kconfig	4	0	0	0	0	0
kernel	Kconfig.components	4	0	382	0	0	0
kernel	LICENSE	0	0	1	0	0	0
kernel	Makefile	91	2	0	0	0	0
kernel	NOTICE	2	6	0	0	0	0
kernel	README.md	4	5	0	0	0	0
kernel	arch/x86_64/apic.c	1	6	0	0	0	0
kernel	arch/x86_64/arch.c	1	4	0	0	0	0
kernel	arch/x86_64/boot.S	2	0	0	0	0	0
kernel	arch/x86_64/cpuinfo.c	0	3	0	0	0	0
kernel	arch/x86_64/gdt.c	1	7	0	0	0	0
kernel	arch/x86_64/idt.c	3	16	0	0	0	0
kernel	arch/x86_64/idt.h	1	2	0	0	0	0
kernel	arch/x86_64/irq.c	1	17	0	0	0	0
kernel	arch/x86_64/keyboard_led.h	0	2	0	0	0	0
kernel	arch/x86_64/linker.ld	1	0	0	0	0	0
kernel	arch/x86_64/multiboot2.c	1	4	0	0	0	0
kernel	arch/x86_64/paging.c	1	114	0	0	0	0
kernel	arch/x86_64/pci.c	1	1	0	0	0	0
kernel	arch/x86_64/platform.c	7	7	0	0	0	0
kernel	arch/x86_64/port.h	1	2	0	0	0	0
kernel	arch/x86_64/power.c	1	11	0	0	0	0
kernel	arch/x86_64/smp.c	1	15	0	0	0	0
kernel	boot/loader/main.c	37	0	0	0	0	0
kernel	configs/build-version	1	1	0	0	0	0
kernel	configs/default.conf	1	0	315	0	0	0
kernel	configs/header-export.list	17	0	0	0	0	0
kernel	configs/toolchains/llvm-x86_64.mk	1	0	0	0	0	0
kernel	debug/kerneldebug.c	10	1	1	0	0	0
kernel	drivers/ac97/ac97.c	19	0	0	0	0	0
kernel	drivers/bootstrap/console.c	48	6	0	0	0	0
kernel	drivers/bootstrap/efi_fs.c	4	11	0	0	0	0
kernel	drivers/bootstrap/framebuffer.c	11	21	0	0	0	0
kernel	drivers/bootstrap/storage.c	1	1	0	0	0	0
kernel	drivers/bootstrap/storage/storage_ahci.c	16	3	0	0	0	0
kernel	drivers/bootstrap/storage/storage_block.c	4	13	0	0	0	0
kernel	drivers/bootstrap/storage/storage_devlinks.c	3	0	0	0	0	0
kernel	drivers/bootstrap/storage/storage_disk.c	79	5	0	0	0	0
kernel	drivers/bootstrap/storage/storage_exfat.c	43	99	1	0	0	0
kernel	drivers/bootstrap/storage/storage_ext2.c	60	6	1	0	0	0
kernel	drivers/bootstrap/storage/storage_ext2_write.c	0	1	0	0	0	0
kernel	drivers/bootstrap/storage/storage_fat32.c	12	1	3	0	0	0
kernel	drivers/bootstrap/storage/storage_identity.c	5	0	0	0	0	0
kernel	drivers/bootstrap/storage/storage_inode.c	1	2	0	0	0	0
kernel	drivers/bootstrap/storage/storage_installer.c	9	0	0	0	0	0
kernel	drivers/bootstrap/storage/storage_internal.h	6	15	0	0	0	0
kernel	drivers/bootstrap/storage/storage_iso.c	3	0	0	0	0	0
kernel	drivers/bootstrap/storage/storage_mount.c	4	18	0	0	0	0
kernel	drivers/bootstrap/storage/storage_mounts.c	1	0	0	0	0	0
kernel	drivers/bootstrap/storage/storage_nvme.c	0	11	0	0	0	0
kernel	drivers/bootstrap/storage/storage_permissions.c	2	0	0	0	0	0
kernel	drivers/bootstrap/storage/storage_sidecar.c	67	3	2	0	0	0
kernel	drivers/bootstrap/storage/storage_state.c	5	0	1	0	0	0
kernel	drivers/bootstrap/storage/storage_statfs.c	1	0	0	0	0	0
kernel	drivers/bootstrap/storage/storage_tmpfs.c	2	0	0	0	0	0
kernel	drivers/bootstrap/storage/storage_vfs.c	139	0	1	0	0	0
kernel	drivers/bootstrap/svga/device.c	0	6	0	0	0	0
kernel	drivers/bootstrap/svga/device.h	3	1	0	0	0	0
kernel	drivers/bootstrap/svga/gb_protocol.h	2	0	0	0	0	0
kernel	drivers/bootstrap/svga/render.c	37	0	0	0	0	0
kernel	drivers/bootstrap/svga/svga_protocol.h	2	0	0	0	0	0
kernel	drivers/bootstrap/usb_uhci.c	0	6	0	0	0	0
kernel	drivers/bootstrap/vga.c	0	1	0	0	0	0
kernel	drivers/console/ostui.c	15	4	0	0	0	0
kernel	drivers/e1000/e1000.c	14	2	0	0	0	0
kernel	drivers/es1371/es1371.c	20	0	0	0	0	0
kernel	drivers/mouse/mouse.c	12	6	0	0	0	0
kernel	drivers/serial/serial.c	10	0	0	0	0	0
kernel	fs/object.c	1	1	0	0	0	0
kernel	fs/permissions.c	73	6	1	0	0	0
kernel	fs/procfs.c	47	19	0	0	0	0
kernel	fs/sysfs.c	26	7	0	0	0	0
kernel	fs/tmpfs.c	17	6	0	0	0	0
kernel	include/leonos/boot_handoff.h	11	0	0	0	1	0
kernel	include/leonos/driver.h	34	0	0	0	1	0
kernel	include/leonos/elf_abi.h	15	0	0	0	1	0
kernel	include/leonos/fb.h	11	0	0	0	1	0
kernel	include/leonos/lat15_vga16.psf	0	0	0	0	1	1
kernel	include/leonos/lat15_vga16_psf.inc	2	0	0	0	1	0
kernel	include/leonos/layout.h	99	0	0	0	1	0
kernel	include/leonos/psf_font.h	18	0	0	0	1	0
kernel	include/leonos/text.h	20	0	0	0	1	0
kernel	include/leonos/utf8_stream.h	4	0	0	0	1	0
kernel	include/uapi/README.md	7	2	0	0	0	0
kernel	include/uapi/leonos/audio_abi.h	14	1	0	0	1	0
kernel	include/uapi/leonos/auth_abi.h	12	1	0	0	1	0
kernel	include/uapi/leonos/auth_user.h	10	0	0	0	1	0
kernel	include/uapi/leonos/device_abi.h	43	1	0	0	1	0
kernel	include/uapi/leonos/driver_abi.h	31	1	0	0	1	0
kernel	include/uapi/leonos/fs_abi.h	51	0	0	0	1	0
kernel	include/uapi/leonos/gpu_abi.h	36	1	0	0	1	0
kernel	include/uapi/leonos/inputm_abi.h	39	0	0	0	1	0
kernel	include/uapi/leonos/kernel_debug_abi.h	12	1	0	0	1	0
kernel	include/uapi/leonos/net_abi.h	79	1	0	0	1	0
kernel	include/uapi/leonos/net_control.h	17	0	0	0	1	0
kernel	include/uapi/leonos/pty_abi.h	25	1	0	0	1	0
kernel	include/uapi/leonos/rootfs.h	18	0	0	0	1	0
kernel	include/uapi/leonos/signal_abi.h	8	1	0	0	1	0
kernel	include/uapi/leonos/startup_abi.h	30	0	0	0	1	0
kernel	include/uapi/leonos/syscall_abi.h	4	0	0	0	1	0
kernel	include/uapi/leonos/system_abi.h	40	1	0	0	1	0
kernel	include/uapi/linux/arch_prctl.h	2	0	0	0	0	0
kernel	include/uapi/linux/capability.h	2	0	0	0	0	0
kernel	include/uapi/linux/dirent.h	2	0	0	0	0	0
kernel	include/uapi/linux/epoll.h	2	0	0	0	0	0
kernel	include/uapi/linux/errno.h	2	0	0	0	0	0
kernel	include/uapi/linux/eventfd.h	2	0	0	0	0	0
kernel	include/uapi/linux/fb.h	2	0	0	0	0	0
kernel	include/uapi/linux/fcntl.h	2	0	0	0	0	0
kernel	include/uapi/linux/fs.h	3	0	0	0	0	0
kernel	include/uapi/linux/futex.h	2	0	0	0	0	0
kernel	include/uapi/linux/if.h	2	0	0	0	0	0
kernel	include/uapi/linux/if_packet.h	2	0	0	0	0	0
kernel	include/uapi/linux/input.h	3	0	0	0	0	0
kernel	include/uapi/linux/ioctl.h	2	0	0	0	0	0
kernel	include/uapi/linux/ipc.h	2	0	0	0	0	0
kernel	include/uapi/linux/kd.h	2	0	0	0	0	0
kernel	include/uapi/linux/limits.h	2	0	0	0	0	0
kernel	include/uapi/linux/membarrier.h	2	0	0	0	0	0
kernel	include/uapi/linux/mman.h	2	0	0	0	0	0
kernel	include/uapi/linux/mount.h	3	0	0	0	0	0
kernel	include/uapi/linux/msg.h	2	0	0	0	0	0
kernel	include/uapi/linux/openat2.h	2	0	0	0	0	0
kernel	include/uapi/linux/poll.h	2	0	0	0	0	0
kernel	include/uapi/linux/prctl.h	2	0	0	0	0	0
kernel	include/uapi/linux/reboot.h	2	0	0	0	0	0
kernel	include/uapi/linux/resource.h	2	0	0	0	0	0
kernel	include/uapi/linux/rseq.h	2	0	0	0	0	0
kernel	include/uapi/linux/sched.h	2	0	0	0	0	0
kernel	include/uapi/linux/securebits.h	2	0	0	0	0	0
kernel	include/uapi/linux/sem.h	2	0	0	0	0	0
kernel	include/uapi/linux/signal.h	2	0	0	0	0	0
kernel	include/uapi/linux/signalfd.h	2	0	0	0	0	0
kernel	include/uapi/linux/socket.h	4	0	0	0	0	0
kernel	include/uapi/linux/soundcard.h	3	0	0	0	0	0
kernel	include/uapi/linux/stat.h	2	0	0	0	0	0
kernel	include/uapi/linux/statfs.h	2	0	0	0	0	0
kernel	include/uapi/linux/syscall.h	2	0	0	0	0	0
kernel	include/uapi/linux/sysinfo.h	2	0	0	0	0	0
kernel	include/uapi/linux/termios.h	2	0	0	0	0	0
kernel	include/uapi/linux/time.h	2	0	0	0	0	0
kernel	include/uapi/linux/timerfd.h	2	0	0	0	0	0
kernel	include/uapi/linux/times.h	2	0	0	0	0	0
kernel	include/uapi/linux/timex.h	2	0	0	0	0	0
kernel	include/uapi/linux/tty.h	2	0	0	0	0	0
kernel	include/uapi/linux/types.h	2	0	0	0	0	0
kernel	include/uapi/linux/uio.h	2	0	0	0	0	0
kernel	include/uapi/linux/utsname.h	9	0	0	0	0	0
kernel	kernel/exec/elf.c	16	35	0	0	0	0
kernel	kernel/exec/usercopy.c	1	6	0	0	0	0
kernel	kernel/exec/usercopy_task.c	0	7	0	0	0	0
kernel	kernel/exec/userland.c	29	49	0	0	0	0
kernel	kernel/ntclks/driver_manager.c	90	10	0	0	1	0
kernel	kernel/ntclks/futex.c	1	12	0	0	1	0
kernel	kernel/ntclks/gpu.c	23	5	0	0	1	0
kernel	kernel/ntclks/include/ntclks/apic.h	1	3	0	0	1	0
kernel	kernel/ntclks/include/ntclks/arch.h	1	10	0	0	1	0
kernel	kernel/ntclks/include/ntclks/bugcheck.h	1	4	0	0	1	0
kernel	kernel/ntclks/include/ntclks/console.h	3	3	0	0	1	0
kernel	kernel/ntclks/include/ntclks/driver_manager.h	7	4	0	0	1	0
kernel	kernel/ntclks/include/ntclks/e1000.h	1	3	0	0	1	0
kernel	kernel/ntclks/include/ntclks/eevdf.h	1	3	0	0	1	0
kernel	kernel/ntclks/include/ntclks/efi_fs.h	3	3	0	0	1	0
kernel	kernel/ntclks/include/ntclks/elf.h	3	3	0	0	1	0
kernel	kernel/ntclks/include/ntclks/framebuffer.h	1	4	0	0	1	0
kernel	kernel/ntclks/include/ntclks/futex.h	0	3	0	0	1	0
kernel	kernel/ntclks/include/ntclks/gpu.h	0	3	0	0	1	0
kernel	kernel/ntclks/include/ntclks/heap.h	1	3	0	0	1	0
kernel	kernel/ntclks/include/ntclks/input.h	1	3	0	0	1	0
kernel	kernel/ntclks/include/ntclks/inventory.h	2	3	0	0	1	0
kernel	kernel/ntclks/include/ntclks/kernel.h	3	2	0	0	1	0
kernel	kernel/ntclks/include/ntclks/kernel_debug.h	18	3	0	0	1	0
kernel	kernel/ntclks/include/ntclks/loadavg.h	0	2	0	0	1	0
kernel	kernel/ntclks/include/ntclks/lock.h	1	3	0	0	1	0
kernel	kernel/ntclks/include/ntclks/mm.h	3	4	0	0	1	0
kernel	kernel/ntclks/include/ntclks/mouse.h	1	3	0	0	1	0
kernel	kernel/ntclks/include/ntclks/multiboot2.h	1	3	0	0	1	0
kernel	kernel/ntclks/include/ntclks/net.h	16	3	0	0	1	0
kernel	kernel/ntclks/include/ntclks/net_packet.h	0	3	0	0	1	0
kernel	kernel/ntclks/include/ntclks/net_udp.h	0	3	0	0	1	0
kernel	kernel/ntclks/include/ntclks/object.h	1	4	0	0	1	0
kernel	kernel/ntclks/include/ntclks/ostui.h	1	3	0	0	1	0
kernel	kernel/ntclks/include/ntclks/page_cache.h	1	4	0	0	1	0
kernel	kernel/ntclks/include/ntclks/paging.h	1	37	0	0	1	0
kernel	kernel/ntclks/include/ntclks/panic.h	1	3	0	0	1	0
kernel	kernel/ntclks/include/ntclks/pci.h	1	3	0	0	1	0
kernel	kernel/ntclks/include/ntclks/permissions.h	1	4	0	0	1	0
kernel	kernel/ntclks/include/ntclks/platform.h	3	3	0	0	1	0
kernel	kernel/ntclks/include/ntclks/port.h	1	3	0	0	1	0
kernel	kernel/ntclks/include/ntclks/power.h	1	2	0	0	1	0
kernel	kernel/ntclks/include/ntclks/pty.h	7	4	0	0	1	0
kernel	kernel/ntclks/include/ntclks/random.h	0	3	0	0	1	0
kernel	kernel/ntclks/include/ntclks/sched.h	21	9	0	0	1	0
kernel	kernel/ntclks/include/ntclks/signal.h	1	4	0	0	1	0
kernel	kernel/ntclks/include/ntclks/smp.h	1	3	0	0	1	0
kernel	kernel/ntclks/include/ntclks/storage.h	53	3	0	0	1	0
kernel	kernel/ntclks/include/ntclks/svga.h	7	3	0	0	1	0
kernel	kernel/ntclks/include/ntclks/syscall.h	39	4	0	0	1	0
kernel	kernel/ntclks/include/ntclks/syscall_internal.h	1	3	0	0	1	0
kernel	kernel/ntclks/include/ntclks/text_stream.h	0	3	0	0	1	0
kernel	kernel/ntclks/include/ntclks/text_utf16.h	1	4	0	0	1	0
kernel	kernel/ntclks/include/ntclks/time.h	3	4	0	0	1	0
kernel	kernel/ntclks/include/ntclks/time_discipline.h	0	3	0	0	1	0
kernel	kernel/ntclks/include/ntclks/tmpfs.h	2	3	0	0	1	0
kernel	kernel/ntclks/include/ntclks/trap.h	1	4	0	0	1	0
kernel	kernel/ntclks/include/ntclks/types.h	1	2	0	0	1	0
kernel	kernel/ntclks/include/ntclks/usb.h	1	2	0	0	1	0
kernel	kernel/ntclks/include/ntclks/usercopy.h	1	3	0	0	1	0
kernel	kernel/ntclks/include/ntclks/userland.h	6	5	0	0	1	0
kernel	kernel/ntclks/include/ntclks/uts.h	0	4	0	0	1	0
kernel	kernel/ntclks/include/ntclks/version.h	3	3	0	0	1	0
kernel	kernel/ntclks/include/ntclks/wait.h	1	4	0	0	1	0
kernel	kernel/ntclks/input.c	0	6	0	0	1	0
kernel	kernel/ntclks/kernel.c	18	36	0	0	1	0
kernel	kernel/ntclks/kernel_debug.c	100	12	0	0	1	0
kernel	kernel/ntclks/lib/bugcheck.c	5	5	0	0	1	0
kernel	kernel/ntclks/lib/panic.c	1	1	0	0	1	0
kernel	kernel/ntclks/lib/string.c	1	1	0	0	1	0
kernel	kernel/ntclks/lib/text_utf16.c	1	2	0	0	1	0
kernel	kernel/ntclks/lock.c	1	2	0	0	1	0
kernel	kernel/ntclks/pty.c	47	10	0	0	1	0
kernel	kernel/ntclks/random.c	1	1	0	0	1	0
kernel	kernel/ntclks/sched/eevdf.inc	0	0	0	0	1	0
kernel	kernel/ntclks/sched/sched.c	9	44	0	0	1	0
kernel	kernel/ntclks/shm.c	20	7	0	0	1	0
kernel	kernel/ntclks/signal.c	1	20	0	0	1	0
kernel	kernel/ntclks/signal_queue.c	0	5	0	0	1	0
kernel	kernel/ntclks/signalfd.c	1	4	0	0	1	0
kernel	kernel/ntclks/syscall.c	863	42	0	0	1	0
kernel	kernel/ntclks/syscall_clone.c	0	6	0	0	1	0
kernel	kernel/ntclks/syscall_device.c	2	4	0	0	1	0
kernel	kernel/ntclks/syscall_file_io.c	2	3	0	0	1	0
kernel	kernel/ntclks/syscall_fs.c	0	2	0	0	1	0
kernel	kernel/ntclks/syscall_gui.c	2	5	0	0	1	0
kernel	kernel/ntclks/syscall_ipc.c	51	8	0	0	1	0
kernel	kernel/ntclks/syscall_locks.c	1	6	0	0	1	0
kernel	kernel/ntclks/syscall_mm.c	91	65	0	0	1	0
kernel	kernel/ntclks/syscall_process.c	121	19	0	0	1	0
kernel	kernel/ntclks/syscall_process_vm.c	0	10	0	0	1	0
kernel	kernel/ntclks/syscall_security.c	1	2	0	0	1	0
kernel	kernel/ntclks/syscall_socket.c	146	19	0	0	1	0
kernel	kernel/ntclks/syscall_socket_batch.c	1	5	0	0	1	0
kernel	kernel/ntclks/syscall_sysv_msg.c	0	6	0	0	1	0
kernel	kernel/ntclks/syscall_sysv_sem.c	0	7	0	0	1	0
kernel	kernel/ntclks/syscall_time.c	0	6	0	0	1	0
kernel	kernel/ntclks/time.c	6	17	0	0	1	0
kernel	kernel/ntclks/time_discipline.c	0	8	0	0	1	0
kernel	kernel/ntclks/uts.c	1	2	0	0	1	0
kernel	kernel/ntclks/version.c	11	6	0	0	1	0
kernel	kernel/ntclks/wait.c	1	2	0	0	1	0
kernel	mk/boot.mk	16	0	0	0	0	0
kernel	mk/config.mk	30	0	0	0	0	0
kernel	mk/headers.mk	9	0	0	0	0	0
kernel	mk/host.mk	53	0	0	0	0	0
kernel	mk/kernel.mk	45	4	0	0	0	0
kernel	mk/logging.mk	11	0	0	0	0	0
kernel	mk/resources.mk	7	0	0	0	0	0
kernel	mk/toolchain.mk	16	0	0	0	0	0
kernel	mm/heap.c	1	2	0	0	0	0
kernel	mm/mm.c	5	13	0	0	0	0
kernel	mm/page_cache.c	1	3	0	0	0	0
kernel	net/net.c	269	12	0	0	0	0
kernel	net/net_control.c	16	6	0	0	0	0
kernel	net/net_packet.c	5	12	0	0	0	0
kernel	net/net_udp.c	7	14	0	0	0	0
kernel	scripts/build-lock.sh	1	0	0	0	0	0
kernel	scripts/clean.sh	8	0	0	0	0	0
kernel	scripts/logging.sh	2	0	0	0	0	0
kernel	tests/host/test-support.h	24	0	0	0	0	0
kernel	tests/host/test_common.c	4	0	0	0	0	0
kernel	tests/host/test_json.c	1	0	0	0	0	0
kernel	tools/build/fetch.sh	3	0	0	0	0	0
kernel	tools/build/kconfig-frontends.sh	5	0	0	0	0	0
kernel	tools/build/loader-integrity.sh	2	0	0	0	0	0
kernel	tools/host/assets/leonos-cjk-font.c	0	0	0	0	1	0
kernel	tools/host/common/buffer.h	3	0	0	0	0	0
kernel	tools/host/common/io.h	3	0	0	0	0	0
kernel	tools/host/common/process.h	3	0	0	0	0	0
kernel	tools/host/config/leonos-config.c	6	0	0	0	1	0
kernel	tools/host/gen/leonos-emit.c	2	0	0	0	1	0
kernel	tools/host/manifest/json.h	3	0	0	0	0	0
kernel	tools/host/manifest/leonos-deps.c	5	0	0	0	1	0
kernel	tools/host/version/leonos-version.c	13	0	1	0	1	0
kernel	tools/test_abi_layout.py	35	0	0	0	0	0
kernel	tools/test_header_export.py	2	1	0	0	0	0
kernel	tools/tests/abi_layout_golden.json	142	2	0	0	0	0
